{
    "BLEU-1": 0.5357131513554902,
    "BLEU-2": 0.3356797970390631,
    "BLEU-3": 0.20581938573548328,
    "BLEU-4": 0.13616181971370872,
    "METEOR": 0.0,
    "ROUGE-L": 0.1617708148788387
}