{
    "greedy": {
        "BLEU-1": 0.17979591836734696,
        "BLEU-2": 0.1075687134593869,
        "BLEU-3": 0.05240640460200394,
        "BLEU-4": 0.0322345362138495,
        "ROUGE-L": 0.14965190451306012,
        "METEOR": 0.22001919266737008,
        "CIDEr": 0.0
    },
    "beam": {
        "BLEU-1": 0.16891304347826083,
        "BLEU-2": 0.09669016607629324,
        "BLEU-3": 0.050750153558807645,
        "BLEU-4": 0.0321242716464455,
        "ROUGE-L": 0.13878933096275545,
        "METEOR": 0.22853742414750702,
        "CIDEr": 0.0
    }
}