{
    "BLEU-1": 0.54544757714452,
    "BLEU-2": 0.34224717386884074,
    "BLEU-3": 0.20973654705511002,
    "BLEU-4": 0.1380155518393243,
    "METEOR": 0.0,
    "ROUGE-L": 0.16650727521911796
}