{
    "loss": [
        4.511486530303955,
        3.9601409435272217,
        3.755580186843872,
        3.6411521434783936,
        3.531175374984741,
        3.4651269912719727,
        3.4074792861938477,
        3.375119924545288,
        3.336946487426758,
        3.3014893531799316,
        3.267070770263672,
        3.2406022548675537,
        3.207688093185425,
        3.2097907066345215,
        3.183155059814453,
        3.1772406101226807,
        3.1679470539093018,
        3.159367561340332,
        3.1415750980377197,
        3.1362900733947754,
        3.111363410949707,
        3.1191916465759277,
        3.10367488861084,
        3.0870862007141113,
        3.0838427543640137,
        3.0739905834198,
        3.0826685428619385,
        3.0746731758117676,
        3.0657944679260254,
        3.056178331375122,
        3.0450398921966553,
        3.0439226627349854,
        3.0454213619232178,
        3.040761947631836,
        3.0307347774505615,
        3.045102834701538,
        3.0391077995300293,
        3.0344462394714355,
        2.9862771034240723,
        2.9738659858703613,
        2.942025899887085,
        2.955892324447632,
        2.946803331375122,
        2.932647705078125,
        2.931880474090576,
        2.933959484100342,
        2.9266111850738525,
        2.924508571624756,
        2.924205780029297,
        2.9175400733947754,
        2.9015491008758545,
        2.9058310985565186,
        2.887446403503418,
        2.9001035690307617,
        2.896618127822876,
        2.8978631496429443,
        2.8707752227783203,
        2.849914312362671,
        2.854487180709839,
        2.8422629833221436,
        2.852506637573242,
        2.839808464050293,
        2.8308708667755127,
        2.8297712802886963,
        2.83186411857605,
        2.830406665802002,
        2.8272221088409424,
        2.8222086429595947,
        2.829665184020996,
        2.815774917602539,
        2.8129444122314453,
        2.821321487426758,
        2.8184871673583984,
        2.8202967643737793,
        2.79521107673645,
        2.7964835166931152,
        2.811081886291504,
        2.7877800464630127,
        2.7941901683807373,
        2.784660577774048,
        2.7677550315856934,
        2.762796640396118,
        2.779916524887085,
        2.776198148727417,
        2.7787225246429443,
        2.7805891036987305,
        2.768890142440796,
        2.7674012184143066
    ],
    "sparse_categorical_accuracy": [
        0.26627013087272644,
        0.31293272972106934,
        0.3293130099773407,
        0.3364882171154022,
        0.3453471064567566,
        0.3510039150714874,
        0.3552602529525757,
        0.3553231954574585,
        0.3602089583873749,
        0.3638673722743988,
        0.3654173016548157,
        0.3670380115509033,
        0.37100327014923096,
        0.37010636925697327,
        0.373536616563797,
        0.3723486363887787,
        0.3709639310836792,
        0.3719709813594818,
        0.3751101493835449,
        0.3761250674724579,
        0.37870562076568604,
        0.3776198923587799,
        0.37725013494491577,
        0.3806646466255188,
        0.3814986050128937,
        0.38125473260879517,
        0.38094788789749146,
        0.37919342517852783,
        0.3809872269630432,
        0.38283610343933105,
        0.3838352859020233,
        0.38446468114852905,
        0.38396117091178894,
        0.38335534930229187,
        0.3849446177482605,
        0.3853537142276764,
        0.3855268061161041,
        0.384732186794281,
        0.3898303806781769,
        0.39128586649894714,
        0.3949049711227417,
        0.39447224140167236,
        0.39431488513946533,
        0.39582547545433044,
        0.39593562483787537,
        0.3967774510383606,
        0.3938271105289459,
        0.39577826857566833,
        0.39595136046409607,
        0.39791038632392883,
        0.3978789150714874,
        0.3980677127838135,
        0.4011360704898834,
        0.3966594338417053,
        0.3992478549480438,
        0.39917704463005066,
        0.40108099579811096,
        0.4032524526119232,
        0.4037795960903168,
        0.4045742154121399,
        0.40287479758262634,
        0.40499117970466614,
        0.4070603549480438,
        0.4053373634815216,
        0.40500691533088684,
        0.4065253734588623,
        0.407713383436203,
        0.4043932557106018,
        0.4063129425048828,
        0.40712329745292664,
        0.40948358178138733,
        0.40523508191108704,
        0.4065725803375244,
        0.4077841639518738,
        0.40829557180404663,
        0.40904298424720764,
        0.40853947401046753,
        0.4105929136276245,
        0.4079415202140808,
        0.4090193808078766,
        0.4117808938026428,
        0.413023978471756,
        0.4087125360965729,
        0.4112773835659027,
        0.4111357629299164,
        0.40965667366981506,
        0.41198545694351196,
        0.41141900420188904
    ],
    "lr": [
        0.0010000000474974513,
        0.0010000000474974513,
        0.0010000000474974513,
        0.0010000000474974513,
        0.0010000000474974513,
        0.0010000000474974513,
        0.0010000000474974513,
        0.0010000000474974513,
        0.0010000000474974513,
        0.0010000000474974513,
        0.0010000000474974513,
        0.0010000000474974513,
        0.0010000000474974513,
        0.0010000000474974513,
        0.0010000000474974513,
        0.0010000000474974513,
        0.0010000000474974513,
        0.0010000000474974513,
        0.0010000000474974513,
        0.0010000000474974513,
        0.0010000000474974513,
        0.0010000000474974513,
        0.0010000000474974513,
        0.0010000000474974513,
        0.0010000000474974513,
        0.0010000000474974513,
        0.0010000000474974513,
        0.0010000000474974513,
        0.0010000000474974513,
        0.0010000000474974513,
        0.0010000000474974513,
        0.0010000000474974513,
        0.0010000000474974513,
        0.0010000000474974513,
        0.0010000000474974513,
        0.0010000000474974513,
        0.0010000000474974513,
        0.0010000000474974513,
        0.0005000000237487257,
        0.0005000000237487257,
        0.0005000000237487257,
        0.0005000000237487257,
        0.0005000000237487257,
        0.0005000000237487257,
        0.0005000000237487257,
        0.0005000000237487257,
        0.0005000000237487257,
        0.0005000000237487257,
        0.0005000000237487257,
        0.0005000000237487257,
        0.0005000000237487257,
        0.0005000000237487257,
        0.0005000000237487257,
        0.0005000000237487257,
        0.0005000000237487257,
        0.0005000000237487257,
        0.0002500000118743628,
        0.0002500000118743628,
        0.0002500000118743628,
        0.0002500000118743628,
        0.0002500000118743628,
        0.0002500000118743628,
        0.0002500000118743628,
        0.0002500000118743628,
        0.0002500000118743628,
        0.0002500000118743628,
        0.0002500000118743628,
        0.0002500000118743628,
        0.0002500000118743628,
        0.0002500000118743628,
        0.0002500000118743628,
        0.0002500000118743628,
        0.0002500000118743628,
        0.0002500000118743628,
        0.0001250000059371814,
        0.0001250000059371814,
        0.0001250000059371814,
        0.0001250000059371814,
        0.0001250000059371814,
        0.0001250000059371814,
        0.0001250000059371814,
        0.0001250000059371814,
        0.0001250000059371814,
        0.0001250000059371814,
        0.0001250000059371814,
        6.25000029685907e-05,
        6.25000029685907e-05,
        6.25000029685907e-05
    ]
}