{
    "greedy": {
        "BLEU-1": 0.4965448509806851,
        "BLEU-2": 0.24183473882304515,
        "BLEU-3": 0.11792734654593012,
        "BLEU-4": 0.07615177441634084,
        "ROUGE-L": 0.23047888866207114,
        "METEOR": 0.21375635690049677,
        "CIDEr": 0.0
    },
    "beam": {
        "BLEU-1": 0.0,
        "BLEU-2": 0.0,
        "BLEU-3": 0.0,
        "BLEU-4": 0.0,
        "ROUGE-L": 0.0,
        "METEOR": 0.0,
        "CIDEr": 0.0
    }
}